topology,circuit,qiskit_baseline,qiskit_candidate,n_seeds,k,threshold,true_change_pct,true_change_ci_lo_pct,true_change_ci_hi_pct,ground_truth,p_call_unpaired,p_call_paired,unstable_cat3,error_kind,error_rate,demonstrated_error_cat4,in_issue_14402
linear,32,1.4.3,2.0.0,12,3,0.1,0.363,-0.337,1.036,NO_REGRESSION,0.0,0.0,False,FALSE_POSITIVE,0.0,False,False
linear,adder_n118,1.4.3,2.0.0,12,3,0.1,14.5,13.703,15.288,REGRESSION,1.0,1.0,False,FALSE_NEGATIVE,0.0,False,False
linear,adder_n28,1.4.3,2.0.0,12,3,0.1,5.33,4.628,5.915,NO_REGRESSION,0.0,0.0,False,FALSE_POSITIVE,0.0,False,False
linear,adder_n433,1.4.3,2.0.0,12,3,0.1,13.987,13.423,14.627,REGRESSION,1.0,1.0,False,FALSE_NEGATIVE,0.0,False,False
linear,adder_n64,1.4.3,2.0.0,12,3,0.1,11.21,10.12,12.274,REGRESSION,0.9043,0.8594,True,FALSE_NEGATIVE,0.0957,True,False
linear,bv_n140,1.4.3,2.0.0,12,3,0.1,35.207,21.61,49.323,REGRESSION,0.9799,0.9676,False,FALSE_NEGATIVE,0.0201,False,True
linear,bv_n280,1.4.3,2.0.0,12,3,0.1,44.533,44.317,44.75,REGRESSION,1.0,1.0,False,FALSE_NEGATIVE,0.0,False,True
linear,bv_n30,1.4.3,2.0.0,12,3,0.1,23.288,15.186,31.804,REGRESSION,0.9613,0.9537,False,FALSE_NEGATIVE,0.0387,False,False
linear,bv_n70,1.4.3,2.0.0,12,3,0.1,30.573,21.85,40.613,REGRESSION,0.9919,0.9994,False,FALSE_NEGATIVE,0.0081,False,False
linear,cat_n130,1.4.3,2.0.0,12,3,0.1,0.0,0.0,0.0,NO_REGRESSION,0.0,0.0,False,FALSE_POSITIVE,0.0,False,False
linear,cat_n260,1.4.3,2.0.0,12,3,0.1,0.0,0.0,0.0,NO_REGRESSION,0.0,0.0,False,FALSE_POSITIVE,0.0,False,False
linear,cat_n35,1.4.3,2.0.0,12,3,0.1,0.0,0.0,0.0,NO_REGRESSION,0.0,0.0,False,FALSE_POSITIVE,0.0,False,False
linear,cat_n65,1.4.3,2.0.0,12,3,0.1,0.0,0.0,0.0,NO_REGRESSION,0.0,0.0,False,FALSE_POSITIVE,0.0,False,False
linear,cc_n151,1.4.3,2.0.0,12,3,0.1,-0.697,-0.835,-0.558,NO_REGRESSION,0.0,0.0,False,FALSE_POSITIVE,0.0,False,False
linear,cc_n301,1.4.3,2.0.0,12,3,0.1,-0.569,-0.624,-0.514,NO_REGRESSION,0.0,0.0,False,FALSE_POSITIVE,0.0,False,False
linear,cc_n32,1.4.3,2.0.0,12,3,0.1,-20.09,-21.158,-18.993,NO_REGRESSION,0.0,0.0,False,FALSE_POSITIVE,0.0,False,False
linear,cc_n64,1.4.3,2.0.0,12,3,0.1,-11.828,-14.136,-10.055,NO_REGRESSION,0.0,0.0,False,FALSE_POSITIVE,0.0,False,False
linear,dnn_n33,1.4.3,2.0.0,12,3,0.1,22.177,20.618,23.597,REGRESSION,1.0,1.0,False,FALSE_NEGATIVE,0.0,False,False
linear,dnn_n51,1.4.3,2.0.0,12,3,0.1,20.41,19.013,21.871,REGRESSION,1.0,1.0,False,FALSE_NEGATIVE,0.0,False,False
linear,ghz_n127,1.4.3,2.0.0,12,3,0.1,0.0,0.0,0.0,NO_REGRESSION,0.0,0.0,False,FALSE_POSITIVE,0.0,False,False
linear,ghz_n40,1.4.3,2.0.0,12,3,0.1,0.0,0.0,0.0,NO_REGRESSION,0.0,0.0,False,FALSE_POSITIVE,0.0,False,False
linear,ghz_n78,1.4.3,2.0.0,12,3,0.1,0.0,0.0,0.0,NO_REGRESSION,0.0,0.0,False,FALSE_POSITIVE,0.0,False,False
linear,ghz_state_n255,1.4.3,2.0.0,12,3,0.1,0.0,0.0,0.0,NO_REGRESSION,0.0,0.0,False,FALSE_POSITIVE,0.0,False,False
linear,ising_n34,1.4.3,2.0.0,12,3,0.1,0.0,0.0,0.0,NO_REGRESSION,0.0,0.0,False,FALSE_POSITIVE,0.0,False,False
linear,ising_n42,1.4.3,2.0.0,12,3,0.1,0.0,0.0,0.0,NO_REGRESSION,0.0,0.0,False,FALSE_POSITIVE,0.0,False,False
linear,ising_n420,1.4.3,2.0.0,12,3,0.1,0.0,0.0,0.0,NO_REGRESSION,0.0,0.0,False,FALSE_POSITIVE,0.0,False,False
linear,ising_n66,1.4.3,2.0.0,12,3,0.1,0.0,0.0,0.0,NO_REGRESSION,0.0,0.0,False,FALSE_POSITIVE,0.0,False,False
linear,ising_n98,1.4.3,2.0.0,12,3,0.1,0.0,0.0,0.0,NO_REGRESSION,0.0,0.0,False,FALSE_POSITIVE,0.0,False,False
linear,knn_129,1.4.3,2.0.0,12,3,0.1,41.506,40.476,42.55,REGRESSION,1.0,1.0,False,FALSE_NEGATIVE,0.0,False,False
linear,knn_341,1.4.3,2.0.0,12,3,0.1,43.426,42.98,43.825,REGRESSION,1.0,1.0,False,FALSE_NEGATIVE,0.0,False,True
linear,knn_n31,1.4.3,2.0.0,12,3,0.1,37.956,37.956,37.956,REGRESSION,1.0,1.0,False,FALSE_NEGATIVE,0.0,False,False
linear,knn_n41,1.4.3,2.0.0,12,3,0.1,39.56,39.56,39.56,REGRESSION,1.0,1.0,False,FALSE_NEGATIVE,0.0,False,False
linear,knn_n67,1.4.3,2.0.0,12,3,0.1,41.472,41.472,41.472,REGRESSION,1.0,1.0,False,FALSE_NEGATIVE,0.0,False,False
linear,multiplier_n45,1.4.3,2.0.0,12,3,0.1,8.804,7.48,10.115,TRUTH_UNRESOLVED,0.3035,0.1985,True,N/A,,False,False
linear,multiplier_n75,1.4.3,2.0.0,12,3,0.1,8.068,4.793,11.387,TRUTH_UNRESOLVED,0.3217,0.2946,True,N/A,,False,False
linear,qft_n160,1.4.3,2.0.0,12,3,0.1,8.333,2.553,16.018,TRUTH_UNRESOLVED,0.4365,0.39,True,N/A,,False,False
linear,qft_n29,1.4.3,2.0.0,12,3,0.1,2.025,0.25,4.039,NO_REGRESSION,0.0007,0.0,False,FALSE_POSITIVE,0.0007,False,False
linear,qft_n320,1.4.3,2.0.0,12,3,0.1,15.154,-4.025,39.902,TRUTH_UNRESOLVED,0.5875,0.6111,True,N/A,,False,False
linear,qft_n63,1.4.3,2.0.0,12,3,0.1,1.837,0.465,3.316,NO_REGRESSION,0.0,0.0,False,FALSE_POSITIVE,0.0,False,False
linear,qugan_n111,1.4.3,2.0.0,12,3,0.1,18.563,17.925,19.253,REGRESSION,1.0,1.0,False,FALSE_NEGATIVE,0.0,False,False
linear,qugan_n39,1.4.3,2.0.0,12,3,0.1,19.483,17.784,21.507,REGRESSION,1.0,1.0,False,FALSE_NEGATIVE,0.0,False,False
linear,qugan_n395,1.4.3,2.0.0,12,3,0.1,18.743,18.357,19.152,REGRESSION,1.0,1.0,False,FALSE_NEGATIVE,0.0,False,False
linear,qugan_n71,1.4.3,2.0.0,12,3,0.1,18.774,17.96,19.577,REGRESSION,1.0,1.0,False,FALSE_NEGATIVE,0.0,False,False
linear,swap_test_n115,1.4.3,2.0.0,12,3,0.1,42.014,40.95,43.099,REGRESSION,1.0,1.0,False,FALSE_NEGATIVE,0.0,False,False
linear,swap_test_n361,1.4.3,2.0.0,12,3,0.1,43.703,43.372,44.017,REGRESSION,1.0,1.0,False,FALSE_NEGATIVE,0.0,False,False
linear,swap_test_n41,1.4.3,2.0.0,12,3,0.1,39.56,39.56,39.56,REGRESSION,1.0,1.0,False,FALSE_NEGATIVE,0.0,False,False
linear,swap_test_n83,1.4.3,2.0.0,12,3,0.1,41.572,40.627,42.049,REGRESSION,1.0,1.0,False,FALSE_NEGATIVE,0.0,False,False
linear,wstate_n118,1.4.3,2.0.0,12,3,0.1,0.0,0.0,0.0,NO_REGRESSION,0.0,0.0,False,FALSE_POSITIVE,0.0,False,False
linear,wstate_n36,1.4.3,2.0.0,12,3,0.1,0.0,0.0,0.0,NO_REGRESSION,0.0,0.0,False,FALSE_POSITIVE,0.0,False,False
linear,wstate_n380,1.4.3,2.0.0,12,3,0.1,0.0,0.0,0.0,NO_REGRESSION,0.0,0.0,False,FALSE_POSITIVE,0.0,False,False
linear,wstate_n76,1.4.3,2.0.0,12,3,0.1,0.0,0.0,0.0,NO_REGRESSION,0.0,0.0,False,FALSE_POSITIVE,0.0,False,False
