topology,circuit,qiskit_old,qiskit_new,n_seeds,k,threshold,true_change_pct,ground_truth,unpaired_p,unpaired_lo,unpaired_hi,paired_p,paired_lo,paired_hi,paired_is_degenerate,bootstrap_mode,method_point,method_interval
linear,32,2.0.0,2.0.2,12,3,0.1,0.0,NO_REGRESSION,0.0,0.0,0.0,0.0,0.0,0.0,True,shared,exact enumeration over n**k index tuples,"percentile bootstrap over seeds, B=2000, 95.0%, shared resampling"
linear,adder_n118,2.0.0,2.0.2,12,3,0.1,-12.178,NO_REGRESSION,0.0,0.0,0.0,0.0,0.0,0.0,True,shared,exact enumeration over n**k index tuples,"percentile bootstrap over seeds, B=2000, 95.0%, shared resampling"
linear,adder_n28,2.0.0,2.0.2,12,3,0.1,-4.794,NO_REGRESSION,0.0,0.0,0.0,0.0,0.0,0.0,True,shared,exact enumeration over n**k index tuples,"percentile bootstrap over seeds, B=2000, 95.0%, shared resampling"
linear,adder_n433,2.0.0,2.0.2,12,3,0.1,-12.68,NO_REGRESSION,0.0,0.0,0.0,0.0,0.0,0.0,True,shared,exact enumeration over n**k index tuples,"percentile bootstrap over seeds, B=2000, 95.0%, shared resampling"
linear,adder_n64,2.0.0,2.0.2,12,3,0.1,-9.651,NO_REGRESSION,0.0,0.0,0.0,0.0,0.0,0.0,True,shared,exact enumeration over n**k index tuples,"percentile bootstrap over seeds, B=2000, 95.0%, shared resampling"
linear,bv_n140,2.0.0,2.0.2,12,3,0.1,-24.148,NO_REGRESSION,0.0001,0.0,0.0014,0.0,0.0,0.0,True,shared,exact enumeration over n**k index tuples,"percentile bootstrap over seeds, B=2000, 95.0%, shared resampling"
linear,bv_n280,2.0.0,2.0.2,12,3,0.1,-30.846,NO_REGRESSION,0.0,0.0,0.0,0.0,0.0,0.0,True,shared,exact enumeration over n**k index tuples,"percentile bootstrap over seeds, B=2000, 95.0%, shared resampling"
linear,bv_n30,2.0.0,2.0.2,12,3,0.1,-18.272,NO_REGRESSION,0.0,0.0,0.0,0.0,0.0,0.0,True,shared,exact enumeration over n**k index tuples,"percentile bootstrap over seeds, B=2000, 95.0%, shared resampling"
linear,bv_n70,2.0.0,2.0.2,12,3,0.1,-22.331,NO_REGRESSION,0.0,0.0,0.0,0.0,0.0,0.0,True,shared,exact enumeration over n**k index tuples,"percentile bootstrap over seeds, B=2000, 95.0%, shared resampling"
linear,cat_n130,2.0.0,2.0.2,12,3,0.1,0.0,NO_REGRESSION,0.0,0.0,0.0,0.0,0.0,0.0,True,shared,exact enumeration over n**k index tuples,"percentile bootstrap over seeds, B=2000, 95.0%, shared resampling"
linear,cat_n260,2.0.0,2.0.2,12,3,0.1,0.0,NO_REGRESSION,0.0,0.0,0.0,0.0,0.0,0.0,True,shared,exact enumeration over n**k index tuples,"percentile bootstrap over seeds, B=2000, 95.0%, shared resampling"
linear,cat_n35,2.0.0,2.0.2,12,3,0.1,0.0,NO_REGRESSION,0.0,0.0,0.0,0.0,0.0,0.0,True,shared,exact enumeration over n**k index tuples,"percentile bootstrap over seeds, B=2000, 95.0%, shared resampling"
linear,cat_n65,2.0.0,2.0.2,12,3,0.1,0.0,NO_REGRESSION,0.0,0.0,0.0,0.0,0.0,0.0,True,shared,exact enumeration over n**k index tuples,"percentile bootstrap over seeds, B=2000, 95.0%, shared resampling"
linear,cc_n151,2.0.0,2.0.2,12,3,0.1,-49.27,NO_REGRESSION,0.0,0.0,0.0,0.0,0.0,0.0,True,shared,exact enumeration over n**k index tuples,"percentile bootstrap over seeds, B=2000, 95.0%, shared resampling"
linear,cc_n301,2.0.0,2.0.2,12,3,0.1,-49.665,NO_REGRESSION,0.0,0.0,0.0,0.0,0.0,0.0,True,shared,exact enumeration over n**k index tuples,"percentile bootstrap over seeds, B=2000, 95.0%, shared resampling"
linear,cc_n32,2.0.0,2.0.2,12,3,0.1,-24.435,NO_REGRESSION,0.0,0.0,0.0,0.0,0.0,0.0,True,shared,exact enumeration over n**k index tuples,"percentile bootstrap over seeds, B=2000, 95.0%, shared resampling"
linear,cc_n64,2.0.0,2.0.2,12,3,0.1,-46.748,NO_REGRESSION,0.0,0.0,0.0,0.0,0.0,0.0,True,shared,exact enumeration over n**k index tuples,"percentile bootstrap over seeds, B=2000, 95.0%, shared resampling"
linear,dnn_n33,2.0.0,2.0.2,12,3,0.1,-17.281,NO_REGRESSION,0.0,0.0,0.0,0.0,0.0,0.0,True,shared,exact enumeration over n**k index tuples,"percentile bootstrap over seeds, B=2000, 95.0%, shared resampling"
linear,dnn_n51,2.0.0,2.0.2,12,3,0.1,-17.202,NO_REGRESSION,0.0,0.0,0.0,0.0,0.0,0.0,True,shared,exact enumeration over n**k index tuples,"percentile bootstrap over seeds, B=2000, 95.0%, shared resampling"
linear,ghz_n127,2.0.0,2.0.2,12,3,0.1,0.0,NO_REGRESSION,0.0,0.0,0.0,0.0,0.0,0.0,True,shared,exact enumeration over n**k index tuples,"percentile bootstrap over seeds, B=2000, 95.0%, shared resampling"
linear,ghz_n40,2.0.0,2.0.2,12,3,0.1,0.0,NO_REGRESSION,0.0,0.0,0.0,0.0,0.0,0.0,True,shared,exact enumeration over n**k index tuples,"percentile bootstrap over seeds, B=2000, 95.0%, shared resampling"
linear,ghz_n78,2.0.0,2.0.2,12,3,0.1,0.0,NO_REGRESSION,0.0,0.0,0.0,0.0,0.0,0.0,True,shared,exact enumeration over n**k index tuples,"percentile bootstrap over seeds, B=2000, 95.0%, shared resampling"
linear,ghz_state_n255,2.0.0,2.0.2,12,3,0.1,0.0,NO_REGRESSION,0.0,0.0,0.0,0.0,0.0,0.0,True,shared,exact enumeration over n**k index tuples,"percentile bootstrap over seeds, B=2000, 95.0%, shared resampling"
linear,ising_n34,2.0.0,2.0.2,12,3,0.1,0.0,NO_REGRESSION,0.0,0.0,0.0,0.0,0.0,0.0,True,shared,exact enumeration over n**k index tuples,"percentile bootstrap over seeds, B=2000, 95.0%, shared resampling"
linear,ising_n42,2.0.0,2.0.2,12,3,0.1,0.0,NO_REGRESSION,0.0,0.0,0.0,0.0,0.0,0.0,True,shared,exact enumeration over n**k index tuples,"percentile bootstrap over seeds, B=2000, 95.0%, shared resampling"
linear,ising_n420,2.0.0,2.0.2,12,3,0.1,0.0,NO_REGRESSION,0.0,0.0,0.0,0.0,0.0,0.0,True,shared,exact enumeration over n**k index tuples,"percentile bootstrap over seeds, B=2000, 95.0%, shared resampling"
linear,ising_n66,2.0.0,2.0.2,12,3,0.1,0.0,NO_REGRESSION,0.0,0.0,0.0,0.0,0.0,0.0,True,shared,exact enumeration over n**k index tuples,"percentile bootstrap over seeds, B=2000, 95.0%, shared resampling"
linear,ising_n98,2.0.0,2.0.2,12,3,0.1,0.0,NO_REGRESSION,0.0,0.0,0.0,0.0,0.0,0.0,True,shared,exact enumeration over n**k index tuples,"percentile bootstrap over seeds, B=2000, 95.0%, shared resampling"
linear,knn_129,2.0.0,2.0.2,12,3,0.1,-29.936,NO_REGRESSION,0.0,0.0,0.0,0.0,0.0,0.0,True,shared,exact enumeration over n**k index tuples,"percentile bootstrap over seeds, B=2000, 95.0%, shared resampling"
linear,knn_341,2.0.0,2.0.2,12,3,0.1,-30.391,NO_REGRESSION,0.0,0.0,0.0,0.0,0.0,0.0,True,shared,exact enumeration over n**k index tuples,"percentile bootstrap over seeds, B=2000, 95.0%, shared resampling"
linear,knn_n31,2.0.0,2.0.2,12,3,0.1,-27.513,NO_REGRESSION,0.0,0.0,0.0,0.0,0.0,0.0,True,shared,exact enumeration over n**k index tuples,"percentile bootstrap over seeds, B=2000, 95.0%, shared resampling"
linear,knn_n41,2.0.0,2.0.2,12,3,0.1,-28.346,NO_REGRESSION,0.0,0.0,0.0,0.0,0.0,0.0,True,shared,exact enumeration over n**k index tuples,"percentile bootstrap over seeds, B=2000, 95.0%, shared resampling"
linear,knn_n67,2.0.0,2.0.2,12,3,0.1,-29.314,NO_REGRESSION,0.0,0.0,0.0,0.0,0.0,0.0,True,shared,exact enumeration over n**k index tuples,"percentile bootstrap over seeds, B=2000, 95.0%, shared resampling"
linear,multiplier_n45,2.0.0,2.0.2,12,3,0.1,-7.298,NO_REGRESSION,0.0,0.0,0.0,0.0,0.0,0.0,True,shared,exact enumeration over n**k index tuples,"percentile bootstrap over seeds, B=2000, 95.0%, shared resampling"
linear,multiplier_n75,2.0.0,2.0.2,12,3,0.1,-6.965,NO_REGRESSION,0.0,0.0,0.0,0.0,0.0,0.0,True,shared,exact enumeration over n**k index tuples,"percentile bootstrap over seeds, B=2000, 95.0%, shared resampling"
linear,qft_n160,2.0.0,2.0.2,12,3,0.1,0.0,NO_REGRESSION,0.0214,0.0,0.09,0.0,0.0,0.0,True,shared,exact enumeration over n**k index tuples,"percentile bootstrap over seeds, B=2000, 95.0%, shared resampling"
linear,qft_n29,2.0.0,2.0.2,12,3,0.1,0.0,NO_REGRESSION,0.0002,0.0,0.0027,0.0,0.0,0.0,True,shared,exact enumeration over n**k index tuples,"percentile bootstrap over seeds, B=2000, 95.0%, shared resampling"
linear,qft_n320,2.0.0,2.0.2,12,3,0.1,0.0,NO_REGRESSION,0.271,0.043,0.332,0.0,0.0,0.0,True,shared,exact enumeration over n**k index tuples,"percentile bootstrap over seeds, B=2000, 95.0%, shared resampling"
linear,qft_n63,2.0.0,2.0.2,12,3,0.1,0.0,NO_REGRESSION,0.0,0.0,0.0,0.0,0.0,0.0,True,shared,exact enumeration over n**k index tuples,"percentile bootstrap over seeds, B=2000, 95.0%, shared resampling"
linear,qugan_n111,2.0.0,2.0.2,12,3,0.1,-16.098,NO_REGRESSION,0.0,0.0,0.0,0.0,0.0,0.0,True,shared,exact enumeration over n**k index tuples,"percentile bootstrap over seeds, B=2000, 95.0%, shared resampling"
linear,qugan_n39,2.0.0,2.0.2,12,3,0.1,-16.342,NO_REGRESSION,0.0,0.0,0.0,0.0,0.0,0.0,True,shared,exact enumeration over n**k index tuples,"percentile bootstrap over seeds, B=2000, 95.0%, shared resampling"
linear,qugan_n395,2.0.0,2.0.2,12,3,0.1,-15.923,NO_REGRESSION,0.0,0.0,0.0,0.0,0.0,0.0,True,shared,exact enumeration over n**k index tuples,"percentile bootstrap over seeds, B=2000, 95.0%, shared resampling"
linear,qugan_n71,2.0.0,2.0.2,12,3,0.1,-16.045,NO_REGRESSION,0.0,0.0,0.0,0.0,0.0,0.0,True,shared,exact enumeration over n**k index tuples,"percentile bootstrap over seeds, B=2000, 95.0%, shared resampling"
linear,swap_test_n115,2.0.0,2.0.2,12,3,0.1,-29.247,NO_REGRESSION,0.0,0.0,0.0,0.0,0.0,0.0,True,shared,exact enumeration over n**k index tuples,"percentile bootstrap over seeds, B=2000, 95.0%, shared resampling"
linear,swap_test_n361,2.0.0,2.0.2,12,3,0.1,-30.412,NO_REGRESSION,0.0,0.0,0.0,0.0,0.0,0.0,True,shared,exact enumeration over n**k index tuples,"percentile bootstrap over seeds, B=2000, 95.0%, shared resampling"
linear,swap_test_n41,2.0.0,2.0.2,12,3,0.1,-28.346,NO_REGRESSION,0.0,0.0,0.0,0.0,0.0,0.0,True,shared,exact enumeration over n**k index tuples,"percentile bootstrap over seeds, B=2000, 95.0%, shared resampling"
linear,swap_test_n83,2.0.0,2.0.2,12,3,0.1,-29.602,NO_REGRESSION,0.0,0.0,0.0,0.0,0.0,0.0,True,shared,exact enumeration over n**k index tuples,"percentile bootstrap over seeds, B=2000, 95.0%, shared resampling"
linear,wstate_n118,2.0.0,2.0.2,12,3,0.1,0.0,NO_REGRESSION,0.0,0.0,0.0,0.0,0.0,0.0,True,shared,exact enumeration over n**k index tuples,"percentile bootstrap over seeds, B=2000, 95.0%, shared resampling"
linear,wstate_n36,2.0.0,2.0.2,12,3,0.1,0.0,NO_REGRESSION,0.0,0.0,0.0,0.0,0.0,0.0,True,shared,exact enumeration over n**k index tuples,"percentile bootstrap over seeds, B=2000, 95.0%, shared resampling"
linear,wstate_n380,2.0.0,2.0.2,12,3,0.1,0.0,NO_REGRESSION,0.0,0.0,0.0,0.0,0.0,0.0,True,shared,exact enumeration over n**k index tuples,"percentile bootstrap over seeds, B=2000, 95.0%, shared resampling"
linear,wstate_n76,2.0.0,2.0.2,12,3,0.1,0.0,NO_REGRESSION,0.0,0.0,0.0,0.0,0.0,0.0,True,shared,exact enumeration over n**k index tuples,"percentile bootstrap over seeds, B=2000, 95.0%, shared resampling"
